id,name,syllabicdivision,translated,primarymeaning,primaryexample,primaryreference
1,accelerometer,ac-cel-er-om-e-ter,acelerômetro,Dispositivo que mede a vibração ou a aceleração do movimento de uma estrutura,"Each sensor comprises an accelerometer, gyroscope and compass.","https://parkinsonslife.eu/ces-2017-5-innovative-gadgets-for-people-with-parkinsons/"
2,access,ac-cess,acesso,Ação ou oportunidade de entrar ou de sair,"Instructions that access the registers this way are code eficiente [...]","http://ww1.microchip.com/downloads/en/DeviceDoc/doc4316.pd"
3,accumulator,ac-cu-mu-la-tor,acumulador,Que acumula e amontoa,"If the operation is in response to an interrupt, not using the Accumulator saves the time and effort to stack it in the service routine","http://ww1.microchip.com/downloads/en/DeviceDoc/doc4316.pdf"
4,accuracy,ac-cu-ra-cy,precisão,Rigor no registro e na definição do valor,"AM and FM radio broadcast and TV broadcast cannot be predicted theoretically with accuracy.","https://asiapac.medtronic.com/content/dam/covidien/library/us/en/product/acute-care-ventilation/700Series_ServiceManual_EN_10070389B00.pdf"
5,acknowledgement,ac-knowl edge ment,reconhecimento,"","The APS datagram shall require encryption and acknowledgement.","ZigBee Smart Energy Standard Document"
6,activation,ac-ti-va-tion,ativação,Ação ou efeito de ativar,"This activation takes place even when the cycle involves no external fetch","http://ww1.microchip.com/downloads/en/DeviceDoc/doc4316.pdf"
7,activity,ac-ti-vity,atividade,Capacidade ou tendência para agir,"Meet the world’s first device that can observe and model human brain activity during free movements.","https://parkinsonslife.eu/ces-2017-5-innovative-gadgets-for-people-with-parkinsons/"
8,address,ad-dress,endereço,Reunião dos dados necessários para que se consiga localizar algo,"Program execution continues with the instruction at this address.","https://www.moodlerje.com.br/pluginfile.php/931191/mod_page/content/3/8051.pdf"
9,addressable,ad-dres-sa-ble,endereçável,Que é capaz de se colocar um endereço,"SETB can operate on the carry flag or any directly addressable bit.","http://ww1.microchip.com/downloads/en/DeviceDoc/doc4316.pdf"
10,alarms,alarms,alarmes,Sinal sonoro de lembrete,"The accompanying app lets you check sleep data, see your set alarms, play music, enter diet and exercise regimes.","https://parkinsonslife.eu/ces-2017-5-innovative-gadgets-for-people-with-parkinsons/"
11,algorithms,al-go-ri-thms,algoritimos,Conjunto de regras que fornecem uma sequência de operações capazes de resolver um problema específico,"Thirdly, algorithms for analyzing heterogeneous image data are needed.","https://www.moodlerje.com.br/pluginfile.php/919461/mod_page/content/1/1-s2.0-S1361841516300998-main.pdf"
12,alternate,al-ter-na-te,alternância,Sucessão de coisas que se repetem com alternação,"The alternate functions can only be activated if the corresponding bit latch in the port SFR contains a 1.","http://ww1.microchip.com/downloads/en/DeviceDoc/doc4316.pdf"
13,amplification,am-pli-fi-ca-tion,amplificação,Aumentar o volume a extensão ou a intensidade,"Effect of DNA damage on PCR amplification efficiency with the relative threshold cycle method.","https://www.moodlerje.com.br/pluginfile.php/912717/mod_page/content/2/acs.est.8b04393.pdf"
14,analysis,a-nal-y-sis,análise,Ação ou efeito de analisar,"One example is MRI image analysis.","https://reader.elsevier.com/reader/sd/pii/S1361841516300998?token=77DEAD78C75278E92231AABB8231F0A4AAE588C18E3FC84AC91F11065D75FCBEB74FAB67AA484B2110A52992EB49065F"
15,app,app,aplicativo,Programa de computador desenvolvido para processar dados de modo eletrônico,"The accompanying app lets you check sleep data, see your set alarms, play music, enter diet and exercise regimes.","https://parkinsonslife.eu/ces-2017-5-innovative-gadgets-for-people-with-parkinsons/"
16,applicable,ap-pli-ca-ble,aplicável,Que se consegue aplicar,"[...] it may not be all-inclusive and may not be applicable to your ventilator.","https://asiapac.medtronic.com/content/dam/covidien/library/us/en/product/acute-care-ventilation/700Series_ServiceManual_EN_10070389B00.pdf"
17,architecture,ar-chi-tec-ture,arquitetura,"","The third and last step for Release 15 was a late drop completed in March 2019, which included more architecture options (for example, the possibility to connect 5G NodeBs (gNBs) to an Evolved Packet Core (EPC) and then operating NR and LTE in multi-connectivity mode, wherein NR is the master node and LTE is the secondary node).","5G wireless access: an overview"
18,architectures,ar-chi-tec-tures,arquiteturas,Processo técnico que envolve a elaboração de espaços organizados,"These kinds of bit operations are not easily obtained in other architectures with any amount of byte-oriented software.",",http://ww1.microchip.com/downloads/en/DeviceDoc/doc4316.pdf"
19,assembly,as-sem-bly,assembly,Preparo ou disposição das peças de uma máquina para esta poder funcionar," The exhalation valve assembly, a pneumatically actuated valve, closes during inspiration to prevent delivered gas from venting to the atmosphere.","https://asiapac.medtronic.com/content/dam/covidien/library/us/en/product/acute-care-ventilation/700Series_ServiceManual_EN_10070389B00.pdf"
20,asynchronous,as-yn-ch-ro-nous,assíncrono,Que não acontece juntamente com outra coisa,"Asynchronous transmission and reception can occur simultaneously and at different baud rates.","http://ww1.microchip.com/downloads/en/DeviceDoc/doc4316.pdf"
21,automatic,au-to-mat-ic,automático,Que opera por meios mecânicos,"The framework can be adapted for the automatic segmentation of anatomical structures with well-defined shape [...]","https://www.moodlerje.com.br/pluginfile.php/919461/mod_page/content/1/1-s2.0-S1361841516300998-main.pdf"
22,availability,a-vail-a-bil-i-ty,disponibilidade,"","The additional availability of frequency bands in low, mid, and high bands that together provide a combination of coverage","5G wireless access: an overview"
23,available,a-vail-a-ble,disponível,Que se encontra ao dispor,"[..] approaches which optimally exploit the available images and GT annotations are becoming more interesting.","https://www.moodlerje.com.br/pluginfile.php/919461/mod_page/content/1/1-s2.0-S1361841516300998-main.pdf"
24,backed,bac-ked,apoiado, "It supports any kind of connected device or mobile app, and is backed by more than 10 years","Philips HealthSuiteDevice Cloud","blank"
25,backend,back-end, Processo interno,"", "...you avoid the cost and effort of setting up, maintaining and operating your own backend.","Philips HealthSuite Device Cloud."
26,bandwidth,band-width,"largura de banda","","although the maximum total bandwidth is limited to 400 MHz","5G wireless access: an overview"
27,battery,bat-ter-y,bateria,Pilhas ou acumuladores elétricos de alimentação,"The 700 Series Ventilator System can be mains or battery powered.","https://www.moodlerje.com.br/pluginfile.php/888689/mod_page/content/4/700Series_ServiceManual_EN_10070389B00.pdf"
28,boolean,Bool-e-an,boleano,"Note that Boolean operations can be performed on any byte in the internal Data Memory space without going through the Accumulator","Atmel 8051 Microcontrollers Hardware Manual",
29,broadband,bro-ad-band,banda larga,"","these do not fit several use cases, including those where some MTC-type communications might have mobile broadband requirements","5G wireless access: an overview"
30,bus,bus,trilha,Elo de comunicação consistindo de um conjunto de vias ou fios que conectam diferentes partes do sistema de hardware de um computador,"Bus monitor test  Verifies the microcontroller’s bus monitor can detect bus error conditions.","https://asiapac.medtronic.com/content/dam/covidien/library/us/en/product/acute-care-ventilation/700Series_ServiceManual_EN_10070389B00.pdf"
31,cable,ca-ble,cabo,Feixe de fios metálicos protegidos por invólucros isoladores,"Attaches cable tie that retains main ventilator head harness.","https://asiapac.medtronic.com/content/dam/covidien/library/us/en/product/acute-care-ventilation/700Series_ServiceManual_EN_10070389B00.pdf"
32,calculated,cal-cu-lat-ed,calculado,Resultado determinado por uma operação que envolve cálculos,"Transformation frequency was calculated as transformant cell density [...]","https://www.moodlerje.com.br/pluginfile.php/912717/mod_page/content/2/acs.est.8b04393.pdf"
33,calibration,cal-i-bra-tion,calibração,Ajustar algo usando calibre e instrumento de medição,"[...] a method for the calibration of radiometer detectors [...]","https://www.moodlerje.com.br/pluginfile.php/912717/mod_page/content/2/acs.est.8b04393.pdf"
34,capability,ca-pa-bil-i-ty, capacidade,"","We also offer the capability to send mobile push notifications to most of the mobile platforms in use today","Philips HealthSuite Device Cloud"
35,capacitance,ca-pac-i-tance,capacitância,Grandeza que mede a capacidade de armazenamento de energia em equipamentos e dispositivos elétricos,"The parasitic capacitance is equal to 1000pF.","https://www.moodlerje.com.br/pluginfile.php/931191/mod_page/content/3/8051.pdf"
36,capacitor,ca-pac-i-tor,capacitor,Componente eletrônico que armazena e descarregam cargas elétricas,"Wait ten minutes to ensure the backup alarm capacitor has time to charge.","https://asiapac.medtronic.com/content/dam/covidien/library/us/en/product/acute-care-ventilation/700Series_ServiceManual_EN_10070389B00.pdf"
37,carrier,car-ri-er,portadora,"","the requirement is fulfilled with intra-cell beam mobility or with carrier aggregation","5G wireless access: an overview"
38,chip,chip,chip,Microcircuito integrado que realiza variado número de funções,"It also includes the location of the user via a GPS chip in the device.","https://parkinsonslife.eu/ces-2017-5-innovative-gadgets-for-people-with-parkinsons/"
39,circuitry,cir-cui-try,circuito,Série de condutores elétricos que podem ser percorridos por uma corrente,"The values are not actualIy polIed by the circuitry until the next machine cycle.","http://ww1.microchip.com/downloads/en/DeviceDoc/doc4316.pdf"
40,cluster,clus-ter,grupo,"This does not  mean that the set must be modifiable through a commissioning cluster.","ZigBee Smart Energy Standard Document","blank"
41,code,code,código,Sistema de símbolos que permite a representação de uma informação,"Separately, two codes bytes are fetched from Program Memory during every machine cycle.","https://www.moodlerje.com.br/pluginfile.php/931191/mod_page/content/3/8051.pdf"
42,communication,com-mu-ni-ca-tion,comunicação,Transmissão ou recepção de informações,"The walking stick connects directly to GSM (global system for mobile communication) [...]","https://parkinsonslife.eu/ces-2017-5-innovative-gadgets-for-people-with-parkinsons/"
43,comparison,Com-pa-ri-son,Comparação,""," and for comparison how it can be done using XCH instructions","Atmel 8051 Microcontrollers Hardware Manual"
44,complete,com-ple-te,completo,"","On the other hand, if bit2 = 1 C now contains the complemente of the correct result. It need only be inverted (CPL C) to complete the operation.","http://ww1.microchip.com/downloads/en/DeviceDoc/doc4316.pdf"
45,components,com-po-nents,componentes,"","All Philips HealthSuite device cloud portals are configured with items like device keys, device types, firmware components, etc.","Philips HealthSuiteDevice Cloud"
46,computed,com-put-ed,computado,Passar pelo processo de cálculo de avaliação,"The destination address is computed at execution time [...]","http://ww1.microchip.com/downloads/en/DeviceDoc/doc4316.pd"
47,concatenating,con-ca-te-na-ting,concatenação,Ação ou efeito de agrupar e conectar qualquer tipo de dado,"AJMP transfers program execution to the indicated address, which is formed at run-time by concatenating the high-order five bits of the PC (after incrementing the PC twice)[...]","http://ww1.microchip.com/downloads/en/DeviceDoc/doc4316.pdf"
48,configuration,con-fig-u-ra-tion,configuração,Ação ou efeito de configurar ou modificar,"Details of reactor configurations [...]","https://pubs.acs.org/doi/pdf/10.1021/acs.est.8b04393"
49,configured,con-fig-ur-ed,configurado,Estabelecer parâmetros para que algo funcione de determinada forma,"XTAL1 and XTAL2 are the input and output of a single-stage on-chip inverter, which can be configured with off-chip components as a Pierce oscillator, as shown in Figure 2-2.","https://www.moodlerje.com.br/pluginfile.php/931191/mod_page/content/3/8051.pdf"
50,connectivity,com-nec-tiv-i-ty,conectividade,"","The HealthSuite device cloud offers proven, reliable cloud connectivity services on a global scale","Philips HealthSuite Device Cloud"
51,connector,con-nec-tor,conector,Dispositivo que efetua a ligação entre um ou mais pontos onde se necessita de comunicação de sinais,"Determine which voltage is out of bounds through pressure solenoid PCB test connector.","https://asiapac.medtronic.com/content/dam/covidien/library/us/en/product/acute-care-ventilation/700Series_ServiceManual_EN_10070389B00.pdf"
52,consumption,con-sump-tion,consumo,"","Examples of these capabilities include very high data rates, spectral efficiency and mobility requirements, ultra-low latency, ultra-high reliability, and very low device cost and energy consumption.","5G wireless access: an overview"
53,contains,con-ta-ins,comtém,Ato de reter ou guardar,"The Program Status Word (PSW) contains several status bits that reflect the current state of the CPU.","http://ww1.microchip.com/downloads/en/DeviceDoc/doc4316.pdf"
54,control,con-trol,controle,Ação de comandar e dominar,"[...] but it would have left the interrupt control system thinking na interrupt was still in progress.","http://ww1.microchip.com/downloads/en/DeviceDoc/doc4316.pdf"
55,convert,con-vert,conversão,Sofrer ou ser alvo de alteração e transformação,"Note that DAA will not convert a binary number to BCD.","http://ww1.microchip.com/downloads/en/DeviceDoc/doc4316.pdf"
56,counter,coun-ter,contador,Recurso destinado a realizar contagens em geral,"They are identified as Timer 0 and Timer 1, and can be independently configured to operate in a variety of modes as a timer or as an event counter.","http://ww1.microchip.com/downloads/en/DeviceDoc/doc4316.pdf"
57,counting,coun-ting,contagem,Valor final de uma somatória ou cômputo,"Register pairs (TH0, TL0), (TH1, TL1), and (TH2, TL2) are the 16-bit counting registers for Timer/Counters 0, 1, and 2, respectively.","https://www.moodlerje.com.br/pluginfile.php/931191/mod_page/content/3/8051.pdf"
58,cryptographic,cryp-to-gra-phic,criptográfico,"","The Key Establishment cluster supports multiple cryptographic suites and, as a result, a device’s security credentials.","ZigBee Smart Energy Standard Document"
59,current,cur-rent,corrente,Movimento de cargas elétricas em um condutor,"A circuit breaker in the power assembly opens when current draw exceeds 4 A.","https://www.moodlerje.com.br/pluginfile.php/888689/mod_page/content/4/700Series_ServiceManual_EN_10070389B00.pdf"
60,customer,cus-tom-er,cliente,"","Increase your operational excellence: Our always-on approach to customer service and 24/7 support offer ultimate confidence"," Philips HealthSuite Device Cloud"
61,cycle,cy-cle,ciclo,Série de fenômenos que ocorrem numa determinada ordem,"The timer register is incremented once every peripheral cycle (6 peripheral clock periods).","http://ww1.microchip.com/downloads/en/DeviceDoc/doc4316.pdf"
62,damage,dam-age,dano,Deteriorações ou estragos em algo,"Although DNA can also sustain damage at 5?-TC3?, 5?-CT-3? [...]","https://www.moodlerje.com.br/pluginfile.php/912717/mod_page/content/2/acs.est.8b04393.pdf"
63,data,da-ta,dados,"","The XRL , # data instruction, for example, offers a quick and easy way to invert port bits, as in XRL P1, #OFFH.","Atmel 8051 Microcontrollers Hardware Manual"
64,decrementing,de-cre-men-ting,decrescente,"","RET pops the high- and low-order bytes of the PC successively from the stack, decrementing the Stack Pointer by two.","Atmel 8051 Microcontrollers Hardware Manual"
65,deploying,de-ploy-ing,implantando,Introduzir ou fixar algo,"Active Protective is a belt that utilises ‘fall-in-progress’ technology, deploying airbag protection around the hip immediately prior to impact – within a fraction of a second.","https://parkinsonslife.eu/ces-2017-5-innovative-gadgets-for-people-with-parkinsons/"
66,designed,de-sig-ned,projetado,"","The underlying technological objectives and the capabilities of the network, however, have continued to shift into a new generation every 7 to 10 years, with each generation being designed to serve societal needs over a duration of 2 to 3 decades across markets around the globe.","5G wireless access: an overview"
67,detection,de-tec-tion,deteecção,Percepção de algo através de seus indícios ou sinais,"Because a ventilator reset can be triggered by detection of an unexpected condition[...]","https://asiapac.medtronic.com/content/dam/covidien/library/us/en/product/acute-care-ventilation/700Series_ServiceManual_EN_10070389B00.pdf"
68,development,de-vel-op-ment,desenvolvimento,Ação de compor ou elaborar,"[...] can be integrated within the development process into a solution for a clinical application","https://www.moodlerje.com.br/pluginfile.php/919461/mod_page/content/1/1-s2.0-S1361841516300998-main.pdf"
69,device,de-vice,dispositivo,Aparelho ligado ou adaptado a instrumento ou máquina,"It requires a pressure measurement device [...]","https://asiapac.medtronic.com/content/dam/covidien/library/us/en/product/acute-care-ventilation/700Series_ServiceManual_EN_10070389B00.pdf"
70,disable,di-sa-ble,desativado,Deixar de ter habilidade ou desativar algo,"Clear to disable multiprocessor communication feature.","http://ww1.microchip.com/downloads/en/DeviceDoc/doc4316.pdf"
71,disconnect,dis-con-nect,desconectar,Cessar uma conexão,"[...] immediately disconnect the ventilator from the oxygen supply and electrical power source.","https://asiapac.medtronic.com/content/dam/covidien/library/us/en/product/acute-care-ventilation/700Series_ServiceManual_EN_10070389B00.pdf"
72,disease,dis-ease,doença,Alteração da saúde que se manifesta por sintomas,"Quantitative imaging bio-markers could be better correlated to the disease status [...]","https://reader.elsevier.com/reader/sd/pii/S1361841516300998?token=77DEAD78C75278E92231AABB8231F0A4AAE588C18E3FC84AC91F11065D75FCBEB74FAB67AA484B2110A52992EB49065F"
73,dissipative,dis-si-pa-tive,dissipativo,Algo com a capacidade de espalhar,"Static-dissipative field service kit (includes wrist strap, static-dissipative mat, and ground cord).","https://asiapac.medtronic.com/content/dam/covidien/library/us/en/product/acute-care-ventilation/700Series_ServiceManual_EN_10070389B00.pdf"
74,downtime,down-time,tempo de inatividade,""," in such a way that downtime for a deployment is counted in seconds","Philips HealthSuite Device Cloud"
75,electromagnetic,e-lec-tro-mag-net-ic,eletromagnético,Que apresenta ao mesmo tempo fenômenos magnéticos e elétricos,"Electromagnetic susceptibility.","https://asiapac.medtronic.com/content/dam/covidien/library/us/en/product/acute-care-ventilation/700Series_ServiceManual_EN_10070389B00.pdf"
76,eletronic,el-etron-ic,eletrônico,Diz-se de aparelho ou equipamento que funciona por meio de circuitos eletrônicos,"The Consumer Electronics Show (CES) 2017 showcased hundreds of new electronic inventions [...]","https://parkinsonslife.eu/ces-2017-5-innovative-gadgets-for-people-with-parkinsons/"
77,enable,en-a-ble,habilitar,Tornar apto e capaz para alguma coisa,"[...] to enable an efficient work flow.","https://reader.elsevier.com/reader/sd/pii/S1361841516300998?token=77DEAD78C75278E92231AABB8231F0A4AAE588C18E3FC84AC91F11065D75FCBEB74FAB67AA484B2110A52992EB49065F"
78,encoding,en-co-ding,codificação,Instruções de um programa que foram ordenados e interligados,"* MOV A,ACC is not a valid Instruction. MOV A,@Ri Bytes: 1 Cycles: 1 Encoding: 1 1 1 0 0 1 1 i Operation: MOV (A) ? ((Ri ))","http://ww1.microchip.com/downloads/en/DeviceDoc/doc4316.pdf"
79,encrypted,em-cryp-ted,criptografado,"","The device joins the network and is sent the network key encrypted with the key-transport key derived for the preinstalled trust center link key.","ZigBee Smart Energy Standard Document"
80,engineering,en-gi-neer-ing,engenharia,Aplicação de métodos do conhecimento científico ou empírico destinados à utilização de recursos materiais e naturais ," Consult with your institution’s biomedical engineering department in case of interrupted ventilator operation [...]","https://asiapac.medtronic.com/content/dam/covidien/library/us/en/product/acute-care-ventilation/700Series_ServiceManual_EN_10070389B00.pdf"
81,entry,en-try,entrada,Possibilidade de ter acesso e entrar,"An entry numbered 0 would be the RET opcode itself.","https://www.moodlerje.com.br/pluginfile.php/931191/mod_page/content/3/8051.pdf"
82,equipment,e-quip-ment,equipamento,Ferramenta utilizada para realizar alguma tarefa ou função,"Portable and mobile RF communications equipment can affect the performance of the 700 Series Ventilator System.","https://www.moodlerje.com.br/pluginfile.php/888689/mod_page/content/4/700Series_ServiceManual_EN_10070389B00.pdf"
83,examinations,ex-am-i-na-tions,examinações,Provas perante pessoas legalmente habilitadas em que se apura a aptidão ou capacidade de alguma coisa.,"[...] to support screening, diagnosis, therapy planning, treatment and follow-up examinations.","https://reader.elsevier.com/reader/sd/pii/S1361841516300998?token=77DEAD78C75278E92231AABB8231F0A4AAE588C18E3FC84AC91F11065D75FCBEB74FAB67AA484B2110A52992EB49065F"
84,execution,ex-e-cu-tion,execução,Ação de executar alguma atividade,"The read and write strobes to external RAM are activated only during the execution of a MOVX instruction.","https://www.moodlerje.com.br/pluginfile.php/931191/mod_page/content/3/8051.pdf"
85,external,ex-ter-nal,externo,Que está por fora que vem do exterior,"Accesses to external Program Memory use signal PSEN (program store enable) as the read strobe.","http://ww1.microchip.com/downloads/en/DeviceDoc/doc4316.pdf"
86,features,fea-tures,recursos,Conjunto das qualidades e particularidades que difere uma pessoa de outra ou uma coisa de outra,"For complete description of the features of the BSL and its implementation, see the MSP430 Programming Via the Bootstrap Loader User’s Guide [..]","https://www.ti.com/lit/ds/slas504g/slas504g.pdf?ts=1601574699205&ref_url=https%253A%252F%252Fwww.google.com%252F"
87,filter,fil-ter,filtro,Peça que evita ruídos parasitos num aparelho,"Removal/replacement of line filter, circuit breaker, power switch, power supply, or power assembly harnesses.","https://asiapac.medtronic.com/content/dam/covidien/library/us/en/product/acute-care-ventilation/700Series_ServiceManual_EN_10070389B00.pdf"
88,footprint,foot-print,pegada,"","The device client is very low footprint and has been successfully implemented in millions of devices already.","Philips HealthSuite Device Cloud"
89,framework,fra-me-work,estrutura,"","Application Framework","ZigBee Smart Energy Standard Document"
90,frequency,fre-quen-cy,frequência,Número de vibrações por unidade de tempo em um fenômeno periódico,"Normalized (log10-scale) measured transformation frequency [...]","https://www.moodlerje.com.br/pluginfile.php/912717/mod_page/content/2/acs.est.8b04393.pdf"
91,generate,ge-ne-ra-te,gerar,Dar origem ou produzir,"The Data Pointer is used to generate 16-bit addresses [...]","http://ww1.microchip.com/downloads/en/DeviceDoc/doc4316.pdf"
92,generation,gen-er-a-tion,greação,Ato de gerar,"[...] they enabled also the generation of many more images.","https://reader.elsevier.com/reader/sd/pii/S1361841516300998?token=77DEAD78C75278E92231AABB8231F0A4AAE588C18E3FC84AC91F11065D75FCBEB74FAB67AA484B2110A52992EB49065F"
93,ground,ground,terra,Ponto de referência para um potencial elétrico de zero volt,"Static-dissipative field service kit (includes wrist strap, static-dissipative mat, and ground cord.","https://www.moodlerje.com.br/pluginfile.php/888689/mod_page/content/4/700Series_ServiceManual_EN_10070389B00.pdf"
94,gyroscope,gy-ro-scope,giroscópio,Dispositivo cujo eixo de rotação mantém sempre a mesma direção na ausência de forças que o perturbem,"[...] to create a ‘smart cane’ that incorporates several movement sensors, including an accelerometer and gyroscope.","https://parkinsonslife.eu/ces-2017-5-innovative-gadgets-for-people-with-parkinsons/"
95,harness,har-ness,arreio,Cabo ou fio que conduz energia,"Check harness connections between oxygen sensor and ventilator main head harness.","https://asiapac.medtronic.com/content/dam/covidien/library/us/en/product/acute-care-ventilation/700Series_ServiceManual_EN_10070389B00.pdf"
96,heaters,heat-ers,aquecedores,Aparelho que serve para aquecer algo,"Heaters heat the exhalation assembly walls to minimize moisture in the assembly[...]","https://asiapac.medtronic.com/content/dam/covidien/library/us/en/product/acute-care-ventilation/700Series_ServiceManual_EN_10070389B00.pdf"
97,highly,high-ly,altamente,"","Enjoy peace of mind: Our services are proven to be highly secure and audited for compliance","Philips HealthSuiteDevice Cloud"
98,host,host,hospedeiro,"",": It will host all firmware and software components, as well as the logic needed to support a smooth distribution","Philips HealthSuite Device Cloud"
99,hotspot,hot-spot,ponto de acesso,"","The requirement on area traffic capacity is 10 Mbps/m2 for downlink in the in the indoor hotspot scenario.","5G wireless access: an overview"
100,humidifier,hu-mid-i-fi-er,humificador,Equipamento que aumenta a quantidade de umidade em um ambiente ou em uma corrente de ar,"The 700 Series Ventilator exhalation system has been modified to reduce the chances of rain out in the exhalation system from the humidifier [...]","https://asiapac.medtronic.com/content/dam/covidien/library/us/en/product/acute-care-ventilation/700Series_ServiceManual_EN_10070389B00.pdf"
101,impedance,im-ped-ance,impedância,Medida da resistência de um circuito elétrico,"In that conditions it can be used as a high-impedance input.","https://www.moodlerje.com.br/pluginfile.php/931191/mod_page/content/3/8051.pdf"
102,improve,im-prove,melhorar,"","improve performance and enable new use cases","5G wireless access: an overview"
103,incremented,in-cre-men-ted,incrementado,Acrescentar ou aumentar alguma coisa,"[...] and the Program Counter is not incremented.","https://www.moodlerje.com.br/pluginfile.php/931191/mod_page/content/3/8051.pdf"
104,indexed,in-dex-ed,indexado,"","Only Program Memory can be accessed with indexed addressing, and it can only be read.","Atmel 8051 MicrocontrollersHardware Manual"
105,initialize,i-ni-ti-a-li-ze,inicialização,Ato de iniciar e dar partida,"The Data Transfer instructions include a 16-bit MOV that can be used to initialize the Data Pointer (DPTR) for look-up tables in Program Memory, or for 16-bit external Data Memory accesses.","http://ww1.microchip.com/downloads/en/DeviceDoc/doc4316.pdf"
106,inspect,in-spect,inspecionar,Ação ou resultado de averiguar,"Visually inspect ventilator exterior and interior for obvious problems [...]","https://asiapac.medtronic.com/content/dam/covidien/library/us/en/product/acute-care-ventilation/700Series_ServiceManual_EN_10070389B00.pdf"
107,instruction,in-struc-tion,Preceito instrutivo,"","Another application of this instruction is in “greater than, less than” comparisons.","https://www.moodlerje.com.br/pluginfile.php/931191/mod_page/content/3/8051.pdf"
108,internal,in-ter-nal,interno,Que está dentro,"Note that Boolean operations can be performed on any byte in the internal Data Memory space without going through the Accumulator.","http://ww1.microchip.com/downloads/en/DeviceDoc/doc4316.pdf"
109,interoperability,in-ter-op-er-a-bil-i-ty,interoperabilidade,"","In order to ensure interoperability, all ZigBee Smart Energy devices shall implement compatible Startup Attribute Sets (SAS) as defined in this specification.","ZigBee Smart Energy Standard Document"
110,interrupt,in-ter-rupt,interrupto,Ação ou efeito de interromper cessar ou suspender a ação,"When operating as a timer, the timer/counter runs for a programmed length of time, then issues an interrupt request.","http://ww1.microchip.com/downloads/en/DeviceDoc/doc4316.pdf"
111,inventions,in-ven-tions,invenções,Ato de criar uma nova tecnologia,"The Consumer Electronics Show (CES) 2017 showcased hundreds of new electronic inventions [...]","https://parkinsonslife.eu/ces-2017-5-innovative-gadgets-for-people-with-parkinsons/"
112,latency,la-tem-cy,latência,"","The compatibility to prepare for future use cases and technologies, and the low latency to improve performance and enable new use cases","5G wireless access: an overview"
113,lenght,lenght,comprimento,Extensão de algo,"[...] values with the length and nucleotide content of each amplicon [...]","https://www.moodlerje.com.br/pluginfile.php/912717/mod_page/content/2/acs.est.8b04393.pdf"
114,level,lev-el,nível,Valor atingido por uma grandeza,"So this figure shows it takes some machine cycles before having a true high level during a 0-to-1 transition.","http://ww1.microchip.com/downloads/en/DeviceDoc/doc4316.pdf"
115,log,log,registro,"","We add billions of log records annually.","Philips HealthSuiteDevice Cloud"
116,logical,lo-gi-cal,lógica,Conforme com as regras da lógica e coerência,"All of the logical instructions that are Accumulator specific execute in 1 ?s (using a 12 MHz clock and X1 mode).","http://ww1.microchip.com/downloads/en/DeviceDoc/doc4316.pdf"
117,machine,ma-chine,máquina,Aparelho que transforma o trabalho mecânico em energia elétrica,"[...] efficient approaches for ground truth generation are needed to match the increasing demands regarding validation and machine learning.","https://www.moodlerje.com.br/pluginfile.php/919461/mod_page/content/1/1-s2.0-S1361841516300998-main.pdf"
118,maintaining,main-tai-ning,mantendo,"","Offered as a Platform-as-a-Service (PaaS), you avoid the cost and effort of setting up, maintaining and operating your own backend.","Philips HealthSuite Device Cloud"
119,maintenance,main-te-nance,manutenção,Conjunto de ações que ajudam no bom e correto funcionamento de algo,"The user of this product shall have sole responsibility for any ventilator malfunction due to operation or maintenance performed [...]","https://asiapac.medtronic.com/content/dam/covidien/library/us/en/product/acute-care-ventilation/700Series_ServiceManual_EN_10070389B00.pdf"
120,management,man-age-ment,Gestão/Gerenciamento,"","The source code is also available for download from the ZigBee document management system [B6].","ZigBee Smart Energy Standard Document"
121,manual,ma-nu-al,manual,Livro pequeno que encerra os conhecimentos básicos de uma ciência ou uma técnica,"Atmel 8051 Microcontrollers Hardware Manual.","http://ww1.microchip.com/downloads/en/DeviceDoc/doc4316.pdf"
122,manufacturing,man-u-fac-tur-ing,manufatura,"","This includes industries such as automotive, logistics, public safety, media, and manufacturing.","5G wireless access: an overview"
123,master,mas-ter,mestre,Algo muito entendido sobre determinado assunto,"To communicate with all of the slaves, the master must send an address FFh.","http://ww1.microchip.com/downloads/en/DeviceDoc/doc4316.pdf"
124,materials,ma-te-ri-als,materiais,Objetos ou recursos necessários para se realizar uma tarefa,"Chemicals and Materials [...]","https://pubs.acs.org/doi/pdf/10.1021/acs.est.8b04393"
125,measurement,meas-ure-ment,medição,Ação ou efeito de medir e determinar o valor,"Details of reactor configurations, additional experiments, disinfectant exposure measurements [...]","https://www.moodlerje.com.br/pluginfile.php/912717/mod_page/content/2/acs.est.8b04393.pdf"
126,mechanics,me-chan-ics,mecânica,Combinação de órgãos próprios para produzir ou transmitir movimentos,"[...] complex patient-specific simulations of the heart including cardiac mechanics [...]","https://www.moodlerje.com.br/pluginfile.php/919461/mod_page/content/1/1-s2.0-S1361841516300998-main.pdf"
127,memory,mem-o-ry,memória,Faculdade de reter ideias anteriores adquiridas,"Only Program Memory can be accessed with indexed addressing [...]","http://ww1.microchip.com/downloads/en/DeviceDoc/doc4316.pd"
128,metering,me-ter-ing,medição,"Metering networks are primarily installed by specialized service personnel, but other devices in the network may be added by home owners, or home automation professionals who may not have any ZigBee expertise.","ZigBee Smart Energy Standard Document","blank"
129,microcontroller,mi-cro-con-trol-ler,microcontrolador,Pequeno computador num único circuito integrado,"The Atmel 80C51 Microcontrollers implement two general purpose, 16-bit timers/counters.","https://www.moodlerje.com.br/pluginfile.php/931191/mod_page/content/3/8051.pdf"
130,mobile,mo-bile,móvel,Que pode ser movido ou algo instável,"The walking stick connects directly to GSM (global system for mobile communication) networks [...] ","https://parkinsonslife.eu/ces-2017-5-innovative-gadgets-for-people-with-parkinsons/"
131,mode,mode,modo,Maneira de realizar algo,"The two operands allow six addressing mode combinations.","http://ww1.microchip.com/downloads/en/DeviceDoc/doc4316.pd"
132,Monitoring,mon-i-tor-ing,monitoramento,"","Monitoring, diagnostics and reporting","Philips HealthSuite Device Cloud"
133,motion,mo-tion,movimento,Mudança sucessiva de algo,"This 3D motion sensor pack tracks total body movement by six triangular sensors that can be placed anywhere on the body and visualise the user’s movement in real-time.","ttps://parkinsonslife.eu/ces-2017-5-innovative-gadgets-for-people-with-parkinsons/"
134,MRI-Magnetic Resonance Imaging,MRI-Mag-net-ic  Res-o-nance  Im-ag-ing,Imagem de ressonância magnética,Método de diagnóstico por imagem que não utiliza radiação e permite retratar imagens de alta definição dos órgãos do corpo,"In MRI, the ability to flexibly design pulse sequences, and thereby exploit a range of different physical properties [...]","https://www.moodlerje.com.br/pluginfile.php/919461/mod_page/content/1/1-s2.0-S1361841516300998-main.pdf"
135,multimeter,mul-tim-e-ter,multimetro,Instrumento de provas que mede voltagens correntes e resistência,"Digital multimeter (DMM) accurate to three decimal places.","https://asiapac.medtronic.com/content/dam/covidien/library/us/en/product/acute-care-ventilation/700Series_ServiceManual_EN_10070389B00.pdf"
136,multiprocessor,mul-ti-pro-ces-sor,multiprocessador,Computador no qual duas ou mais unidades centrais de processamento funcionam simultaneamente,"Clear to disable multiprocessor communication feature","http://ww1.microchip.com/downloads/en/DeviceDoc/doc4316.pdf"
137,networks,net-works,redes,Estabelecimneto de uma rede de contatos ou uma conexão com algo,"The walking stick connects directly to GSM (global system for mobile communication) networks and issues an alert to family members [...]","https://parkinsonslife.eu/ces-2017-5-innovative-gadgets-for-people-with-parkinsons/"
138,operation,op-er-a-tion,operação,Conjunto de meios que se combinam para obter-se um resultado,"If the operation is in response to an interrupt, not using the Accumulator saves the timeand effort to stack it in the service routine.","https://www.moodlerje.com.br/pluginfile.php/931191/mod_page/content/3/8051.pdf"
139,operational,op-er-a-tion-al,operacional,Que influencia para que o resultado pretendido seja alcançado,"The effect of operational parameters [...]","https://pubs.acs.org/doi/pdf/10.1021/acs.est.8b04393"
140,oscillations,os-cil-la-tions,ocilações,Modificação ou alteração de um estado que se torna outro," It then enters a final chamber, which provides further damping of pressure oscillations.","https://asiapac.medtronic.com/content/dam/covidien/library/us/en/product/acute-care-ventilation/700Series_ServiceManual_EN_10070389B00.pdf"
141,oscillator,os-cil-la-tor,ocilador,Aparelho que produz correntes elétricas oscilantes,"The oscillator, in any case, drives the internal clock generator.","https://www.moodlerje.com.br/pluginfile.php/931191/mod_page/content/3/8051.pdf"
142,output,out-put,saída,Local para a conexão de cabo ou dispositivo para a transferência de dados,"The ventilator compensates by adjusting the piston/cylinder output","https://asiapac.medtronic.com/content/dam/covidien/library/us/en/product/acute-care-ventilation/700Series_ServiceManual_EN_10070389B00.pdf"
143,overhead,o-ver-head,sobrecarga,"","Enhancements targeting transmission of small data packets in inactive state to reduce the overhead from connection establishment.","5G wireless access: an overview"
144,oxidation,ox-i-da-tion,oxidação,Reação que provoca perda de elétrons e aumento da carga,"one-electron oxidation reactions preferentially lead to damage [...]","https://pubs.acs.org/doi/pdf/10.1021/acs.est.8b04393"
145,pack,pack,pacote,Conjunto de unidades incluídas num embrulho,"This 3D motion sensor pack tracks total body movement by six triangular sensors that can be placed anywhere on the body [...]","https://parkinsonslife.eu/ces-2017-5-innovative-gadgets-for-people-with-parkinsons/"
146,package,pack-age,pacote,Cápsula que envolve e agrupa alguma coisa com outra,"Follow the information contained on the replacement oxygen sensor's package [...]","https://asiapac.medtronic.com/content/dam/covidien/library/us/en/product/acute-care-ventilation/700Series_ServiceManual_EN_10070389B00.pdf"
147,pair,pair,par,Pôr lado a lado e equiparar,"The walking stick doesn’t need to be paired to any other device to be used. ","https://parkinsonslife.eu/ces-2017-5-innovative-gadgets-for-people-with-parkinsons/"
148,panel,pa-nel,painel,Mecanismo ou peça em que se encontram instalados os comandos de uma máquina,"Remove options panel plate","http://ww1.microchip.com/downloads/en/DeviceDoc/doc4316.pdf"
149,parameter,pa-ram-e-ter,parâmetro,Princípio através do qual é possível estabelecer uma comparação,"These fundamental kinetics parameters were in turn applied to predict the kinetics[...]","https://www.moodlerje.com.br/pluginfile.php/912717/mod_page/content/2/acs.est.8b04393.pdf"
150,parameters,pa-ra-me-ters,parâmetros,"","New firmware can be rolled out based on numerous parameters, such as device type, location or device-specific properties.","Philips HealthSuite Device Cloud"
151,parity,pa-ri-ty,paridade,Comparação efetuada para provar que uma coisa pode ser igual ou semelhante a outra,"The parity bit reflects the number of 1’s in the Accumulator","http://ww1.microchip.com/downloads/en/DeviceDoc/doc4316.pdf"
152,pattern,pat-tern,padrão,Aquilo que serve para ser imitado como modelo,"The pattern of bits to be complemented is then determined by a mask byte, either a constant contained in the instruction or a variable computed in the Accumulator at run-time.","http://ww1.microchip.com/downloads/en/DeviceDoc/doc4316.pdf"
153,payload,pay-load,carga útil,"","but is generic and can contain any kind of content (payload).","Philips HealthSuite Device Cloud"
154,PC - program counter,PC - pro-gram coun-ter,contador do programa,Registrador de uma Unidade Central de Processamento que indica qual é a posição atual na sequência de execução de um processo,"Whenever the program counter (PC) contains a number that is larger than the memory size.","https://www.moodlerje.com.br/pluginfile.php/931191/mod_page/content/3/8051.pdf"
155,PCB - printed circuit board,PCB - printed-cir-cuit-board,placa de circuito ipresso,Placa formada por camadas de materiais plásticos e fibrosos,"Next it describes the electrical system, including the operations of the printed circuit boards (PCBs).","https://www.moodlerje.com.br/pluginfile.php/888689/mod_page/content/4/700Series_ServiceManual_EN_10070389B00.pdf"
156,period,pe-ri-od,periodo, Intervalo de tempo constante que separa duas passagens sucessivas de uma grandeza variável,"However, port latches are in fact sampled by their output buffers only during Phase 1 of any clock period.","http://ww1.microchip.com/downloads/en/DeviceDoc/doc4316.pdf"
157,peripheral,pe-riph-er-al,periférico,Que está na periferia e no contorno ou na parte exterior de algum centro,"The external input is sampled every peripheral cycle.","http://ww1.microchip.com/downloads/en/DeviceDoc/doc4316.pdf"
158,PET - Photon Emission Tomography,PET - Pho-ton  E-mis-sion  To-mogra-phy,Tomografia por Emissão de Fótons,Técnica tomográfica de imagem médica da medicina nuclear que utiliza a radiação ionizante de raios gama,"Advances in acquisition technology such as multislice Computed Tomography (CT), digital Photon Emission Tomography (PET) [...]","https://www.moodlerje.com.br/pluginfile.php/919461/mod_page/content/1/1-s2.0-S1361841516300998-main.pdf"
159,pin,pin,pino,Haste de metal que se introduz em orifícios de duas ou mais peças para as ligar,"The actual P3.X pin level is always available to the pin’s alternate input function, if any.","https://www.moodlerje.com.br/pluginfile.php/931191/mod_page/content/3/8051.pdf"
160,piston,pis-ton,pistão,Peça movível pela pressão de um fluído,"The gas displaced by piston movement is vented through the air intake filter also.","https://www.moodlerje.com.br/pluginfile.php/888689/mod_page/content/4/700Series_ServiceManual_EN_10070389B00.pdf"
161,polarity,po-lar-i-ty,polaridade,Tipo de carga negativa ou positiva,"The polarity of the speaker wires is unimportant.","https://asiapac.medtronic.com/content/dam/covidien/library/us/en/product/acute-care-ventilation/700Series_ServiceManual_EN_10070389B00.pdf"
162,pressure,pres-sure,pressão,Grandeza definida como força por unidade de área,"If the pressure is greater than 6 cmH2O, the test fails.","https://asiapac.medtronic.com/content/dam/covidien/library/us/en/product/acute-care-ventilation/700Series_ServiceManual_EN_10070389B00.pdf"
163,previously,pre-vi-ous-ly,anteriormente,Que ocorre de maneira antecipada,"The data previously written to[...]","http://ww1.microchip.com/downloads/en/DeviceDoc/doc4316.pdf"
164,processor,pro-ces-sor,processador,Circuito que processa e executa os dados de um computador mediante instruções predeterminadas,"The Carry bit in the PSW is used as the single-bit Accumulator of the Boolean processor.","http://ww1.microchip.com/downloads/en/DeviceDoc/doc4316.pdf"
165,products,prod-ucts,produtos,"","An increasing number of commercial products rely on medical image analysis techniques.","https://www.moodlerje.com.br/pluginfile.php/919461/mod_page/content/1/1-s2.0-S1361841516300998-main.pdf"
166,program,pro-gram,programa,Elaboração escrita do plano de atividades de um evento,"AJMP transfers program execution to the indicated address [...]","http://ww1.microchip.com/downloads/en/DeviceDoc/doc4316.pd"
167,programmable,pro-gram-ma-ble,progamável,Diz-se do aparelho que pode receber e armazenar instruções para cumprir tarefas determinadas,"The baud rate is programmable to either 1/32 or 1/64 the oscillator frequency.","https://www.moodlerje.com.br/pluginfile.php/931191/mod_page/content/3/8051.pdf"
168,progress,pro-gress,progresso,Movimento para a frente,"The RETI instruction informs the processor that this interrupt routine is no longer in progress, then pops the top two bytes from the stack and reloads the Program Counter","http://ww1.microchip.com/downloads/en/DeviceDoc/doc4316.pdf"
169,protocols,pro-to-cols,protocolos,Atos oficiais ou regimes de requerimentos de execução de algo,"[..] with key steps depicted in Scheme 1 and detailed protocols provided in SI Text S3.","https://www.moodlerje.com.br/pluginfile.php/912717/mod_page/content/2/acs.est.8b04393.pdf"
170,pulse,pul-se,pulso,Mudança passageira na amplitude de um sinal de um valor básico para um mais alto ou mais baixo,"Each pulse lasts three machine cycles.","http://ww1.microchip.com/downloads/en/DeviceDoc/doc4316.pdf"
171,pump,pump,bomba,Aparelho destinado a sugar premir ou fazer circular fluidos," The PEEP pump, a vibrating-armature pump, generates PEEP/CPAP pilot pressure.","https://asiapac.medtronic.com/content/dam/covidien/library/us/en/product/acute-care-ventilation/700Series_ServiceManual_EN_10070389B00.pdf"
172,purpose,pur-po-se,propósito,Aquilo que se tem intenção de realizar,"Ports 0 and 2 may not be used as general purpose I/O when being used as the ADDR/DATA BUS.","http://ww1.microchip.com/downloads/en/DeviceDoc/doc4316.pdf"
173,pushes,pu-shes,Empurar,"","The instruction increments the PC twice to obtain the address of the following instruction, then pushes the 16-bit result onto the stack [...]","http://ww1.microchip.com/downloads/en/DeviceDoc/doc4316.pdf"
174,queries,que-ries,consultas,"","It is expected that client devices will periodically send application level queries to servers to retrieve data.","ZigBee Smart Energy Standard Document"
175,range,range,alcance,Porção específica de alguma coisa,"If voltage is in range, replace pressure solenoid or controller PCB","https://asiapac.medtronic.com/content/dam/covidien/library/us/en/product/acute-care-ventilation/700Series_ServiceManual_EN_10070389B00.pdf"
176,rate,ra-te,taxa,Valor limitante estabelecido para algo,"Shows the calculated value of the total respiratory rate.","https://asiapac.medtronic.com/content/dam/covidien/library/us/en/product/acute-care-ventilation/700Series_ServiceManual_EN_10070389B00.pdf"
177,reception,re-cep-tion,recepção,Ato ou efeito de receber,"Clear to disable serial reception.","http://ww1.microchip.com/downloads/en/DeviceDoc/doc4316.pdf"
178,recognition,rec-og-ni-tion,recognição,Ato ou efeito de reconhecer e lembrar,"If desired, you may enable the automatic address recognition feature in mode 1","http://ww1.microchip.com/downloads/en/DeviceDoc/doc4316.pdf"
179,register,reg-is-ter,registrar,Dar propriedade ou nomear,"[...] but the stack itself is accessed by indirect addressing using the SP register.","http://ww1.microchip.com/downloads/en/DeviceDoc/doc4316.pd"
180,regulations,reg-u-la-tions,regulamentações,Instrução que prescreve o que se deve fazer,"Please take the time to become familiar with the following, as they cover safety considerations, special handling requirements, and regulations","https://asiapac.medtronic.com/content/dam/covidien/library/us/en/product/acute-care-ventilation/700Series_ServiceManual_EN_10070389B00.pdf"
181,regulator,reg-u-la-tor,regulações,Dispositivo que tem a função de fazer a manutenção ou ajuste de algo,"To prevent possible injury, do not remove the dust cap from the oxygen regulator access valve[...]","https://asiapac.medtronic.com/content/dam/covidien/library/us/en/product/acute-care-ventilation/700Series_ServiceManual_EN_10070389B00.pdf"
182,reliable,re-li-a-ble,confiável,Em que se consegue estar tranquilo sobre,"[...] more reliable and faster algorithms and dedicated algorithms for specific applications","https://www.moodlerje.com.br/pluginfile.php/919461/mod_page/content/1/1-s2.0-S1361841516300998-main.pdf"
183,reload,re-lo-ad,recarregar,Carregar novamente colocar nova carga,"[...]hold the reload value for this mode","https://www.moodlerje.com.br/pluginfile.php/931191/mod_page/content/3/8051.pdf"
184,remotely,re-mote-ly,remotamente,"","exchange messages between devices or remotely control their devices in an easy and secure way","Philips HealthSuite Device Cloud"
185,repair,re-pair,reparar,Pôr em bom estado de funcionamento o que se havia estragado,"The results of the EST run, the contents of the test and/or alert logs, and other service menu functions will help you determine what to repair.","https://asiapac.medtronic.com/content/dam/covidien/library/us/en/product/acute-care-ventilation/700Series_ServiceManual_EN_10070389B00.pdf"
186,resistance,re-sist-ance,resistência,Opor forte resistência a algo,"Verify that resistance of PEEP pump is between 12 and 15 W measured when pump is at ambient temperature.","https://www.moodlerje.com.br/pluginfile.php/888689/mod_page/content/4/700Series_ServiceManual_EN_10070389B00.pdf"
187,restore,res-to-re,restaurar,Colocar em melhor estado fazendo reparos,"Its function is to restore a 1 to the pin in the event the pin had a 1 and lost it to a glitch.","http://ww1.microchip.com/downloads/en/DeviceDoc/doc4316.pdf"
188,result,re-sult,resultado,Aquilo que resulta de alguma coisa,"On the other hand, if bit2 = 1 C now contains the complement of the correct result.","https://www.moodlerje.com.br/pluginfile.php/931191/mod_page/content/3/8051.pdf"
189,retrieve,re-trieve,recuperar,"","It is expected that client devices will periodically send application level queries to servers to retrieve data","ZigBee Smart Energy Standard Document"
190,reveice,re-cei-ve,receber,Ato ou efeito de receber,"The Serial Data Buffer is actually two separate registers, a transmit buffer and a receive buffer register.","https://www.moodlerje.com.br/pluginfile.php/931191/mod_page/content/3/8051.pdf"
191,rotation,ro-ta-tion,rotação,Movimento giratório de um corpo em torno de um eixo fixo,"For a right rotation, the LSB rolls into the MSB position.","http://ww1.microchip.com/downloads/en/DeviceDoc/doc4316.pdf"
192,routers, rout-ers,roteadores,"", "All routers in the network shall be able to identify when the trust center is no longer accessible in the network.","ZigBee Smart Energy Standard Document"
193,safety,safe-ty,seguro,Situação do que está seguro e certo,"It includes a safety valve to vent excessive pressure.","https://asiapac.medtronic.com/content/dam/covidien/library/us/en/product/acute-care-ventilation/700Series_ServiceManual_EN_10070389B00.pdf"
194,save,sa-ve,salvar,Reservar alguma coisa para uso posterior,"The hardware-generated LCALL pushes the contents of the Program Counter onto the stack (but it does not save the PSW) [...]","http://ww1.microchip.com/downloads/en/DeviceDoc/doc4316.pdf"
195,scratch,s-cra-tch,scratch,Conjunto cujos componentes dependem uns dos outros,"For other instructions it can be treated as another scratch pad register.","http://ww1.microchip.com/downloads/en/DeviceDoc/doc4316.pdf"
196,sensing,sens-ing,sensoriamento,Procedimento através do qual as condições são detectadas,"Verify pressure sensing tubes are not leaking.","https://asiapac.medtronic.com/content/dam/covidien/library/us/en/product/acute-care-ventilation/700Series_ServiceManual_EN_10070389B00.pdf"
197,sensor,sen-sor,sensor,Aparelhos detectores e medidores de sensibilidade,"This 3D motion sensor pack tracks total body movement [...] ","https://parkinsonslife.eu/ces-2017-5-innovative-gadgets-for-people-with-parkinsons/"
198,sequence,se-quence,sequência,Continuação de algo que se iniciou,"If the Accumulator equals 04H when starting this sequence, execution jumps to label LABEL2.","https://www.moodlerje.com.br/pluginfile.php/931191/mod_page/content/3/8051.pdf"
199,service,serv-ice,serviço,Desempenho de funções obrigatórias,"RETI is used to return from an interrupt service routine.","http://ww1.microchip.com/downloads/en/DeviceDoc/doc4316.pdf"
200,servicing,serv-ic-ing,manutenção,Conjunto de ações que ajudam no bom e correto funcionamento de algo,"It is intended for use by certified biomedical engineering technicians or personnel with equivalent experience and training in servicing this type of equipment.","https://asiapac.medtronic.com/content/dam/covidien/library/us/en/product/acute-care ventilation/700Series_ServiceManual_EN_10070389B00.pdf"
201,shift,shift,mudança,Alteração ou modificação do estado normal de algo,"In shift operations, dividing a number by 2n shifts its n bits to the right.","http://ww1.microchip.com/downloads/en/DeviceDoc/doc4316.pdf"
202,signal,sig-nal,sinal,Marca deixada em razão da presença e detecção de algo ,"The level of the port pin itself is placed on the internal bus in response to a “read pin” signal from the CPU.","https://www.moodlerje.com.br/pluginfile.php/931191/mod_page/content/3/8051.pdf"
203,simulation,sim-u-la-tion,simulação,Ação ou efeito de simular e testar,"Increasingly, anatomical models are being combined with simulation approaches [...]","https://www.moodlerje.com.br/pluginfile.php/919461/mod_page/content/1/1-s2.0-S1361841516300998-main.pdf"
204,slave,sla-ve,escvravo,Algo submetido à vontade de outro e privado de sua liberdade,"The addressed slave will clear its SM2 bit and prepare to receive the data bytes that will be coming.","http://ww1.microchip.com/downloads/en/DeviceDoc/doc4316.pdf"
205,smart,smart,inteligente,Característica atribuída a tecnologias com grande autonomia e funcionalidades,"This ‘smart pillow’ records your natural sleep movements and can also wake you up at the ideal moment in your sleep cycle.","https://parkinsonslife.eu/ces-2017-5-innovative-gadgets-for-people-with-parkinsons/"
206,solenoid,so-len-oid,solenóide,Dispositivo eletromecânico usado para controlar o fluxo de líquido ou gás," Check for proper installation of oxygen regulator pressure transducer and connection of sensor to pressure solenoid PCB.","https://asiapac.medtronic.com/content/dam/covidien/library/us/en/product/acute-care-ventilation/700Series_ServiceManual_EN_10070389B00.pdf"
207,source,source,fonte,Equipamento ou recurso usado para alimentar cargas elétricas,"Make sure oxygen source pressure is between 40 and 90 psi (275 to 620 kPa).","https://asiapac.medtronic.com/content/dam/covidien/library/us/en/product/acute-care-ventilation/700Series_ServiceManual_EN_10070389B00.pdf"
208,space,space,espaço,Extensão indefinida,"Note that any byte in the internal Data Memory space can be incremented [...]","http://ww1.microchip.com/downloads/en/DeviceDoc/doc4316.pd"
209,speaker,speak-er,alto falante,Aparelho capaz de transformar em onda acústica um sinal de audiofrequência,"The piezo alarm serves as a backup for the speaker.","https://www.moodlerje.com.br/pluginfile.php/888689/mod_page/content/4/700Series_ServiceManual_EN_10070389B00.pdf"
210,stack,stack,Pilha,"","the Stack Pointer equal to the value 09H. Program execution continues at location 0123H.","Atmel 8051 Microcontrollers Hardware Manual"
211,standard,stand-ard,padrão,Aquilo que serve para ser imitado como modelo,"Adapters may be used to connect Bennett barbed cuff fittings to ISO standard cone and socket fittings.","https://www.moodlerje.com.br/pluginfile.php/888689/mod_page/content/4/700Series_ServiceManual_EN_10070389B00.pdf"
212,standardized, stan-dard-ized,padronizado,"","Reduce time-to-market: choose from a catalogue of standardized and ready-to-use services","Philips HealthSuite Device Cloud"
213,state,state,estado,Circunstância atual em que algo se encontra,"Under these conditions the Timer is being incremented every state time [...]","https://www.moodlerje.com.br/pluginfile.php/931191/mod_page/content/3/8051.pdf"
214,supply,sup-ply,energia,Abastecimento de cargas elétricas,"It is recommended that the 700 Series Ventilator System be powered from an uninterruptible power supply or a battery.","https://asiapac.medtronic.com/content/dam/covidien/library/us/en/product/acute-care-ventilation/700Series_ServiceManual_EN_10070389B00.pdf"
215,switches,swit-ches,interruptores,Dsispositivo destinados a abrir ou fechar um circuito elétrico,"[...] disconnecting the power source and turning off all ventilator power switches.","https://asiapac.medtronic.com/content/dam/covidien/library/us/en/product/acute-care-ventilation/700Series_ServiceManual_EN_10070389B00.pdf"
216,synchronous,syn-ch-ro-nous,sincronia,Que ocorre ao mesmo tempo que outra coisa,"It provides both synchronous and asynchronous communication modes.","http://ww1.microchip.com/downloads/en/DeviceDoc/doc4316.pdf"
217,system,sys-tem,sistema,Aquilo que está ligado de modo a fazer com que alguma coisa funcione,"Therefore, manufacturers of medical imaging systems also provide software [...]","https://www.moodlerje.com.br/pluginfile.php/919461/mod_page/content/1/1-s2.0-S1361841516300998-main.pdf"
218,tachometer,ta-chom-e-ter,tachometer,Aparelho para medir velocidades permanentemente,"The tachometer circuit measures the piston velocity","https://asiapac.medtronic.com/content/dam/covidien/library/us/en/product/acute-care-ventilation/700Series_ServiceManual_EN_10070389B00.pdf"
219,target,tar-get,alvo,Objetivo a que se dirige algum intento,"The 266 and 832 bp amplicons target the blt gene [...]","https://www.moodlerje.com.br/pluginfile.php/912717/mod_page/content/2/acs.est.8b04393.pdf"
220,techniques,tech-niques,técnicas,Habilidade própria para realizar algo,"Multi-atlas segmentation techniques are today a very widespread approach","https://www.moodlerje.com.br/pluginfile.php/919461/mod_page/content/1/1-s2.0-S1361841516300998-main.pdf"
221,technology,tech-nol-o-gy,tecnoologia,Procedimento ou grupo de métodos que se organiza num domínio específico,"Institute of Science and Technology [...]","https://pubs.acs.org/doi/pdf/10.1021/acs.est.8b04393"
222,terminals,ter-mi-nals,terminais,Conexão elétrica que consiste de um fio que sai de um dispositivo,"When installing the speaker, orient the terminals to the left.","https://asiapac.medtronic.com/content/dam/covidien/library/us/en/product/acute-care-ventilation/700Series_ServiceManual_EN_10070389B00.pdf"
223,test,test,teste,Procedimento que visa verificar o funcionamento de algo,"If the accuracies of your institution’s test equipment differ from those listed, please make applicable allowances.","https://asiapac.medtronic.com/content/dam/covidien/library/us/en/product/acute-care-ventilation/700Series_ServiceManual_EN_10070389B00.pdf"
224,thermistor,ther-mis-tor,termistor,Semicondutores sensíveis à temperatura,"Thermistors are easy to use, inexpensive, sturdy, and respond predictably to changes in temperature.","https://www.teamwavelength.com/thermistor-basics/"
225,transducer,trans-duc-er,transdutor,Dispositivo utilizado em conversão de energia de uma natureza para outra,"The oxygen regulator assembly does not include the oxygen regulator pressure transducer.","https://www.moodlerje.com.br/pluginfile.php/888689/mod_page/content/4/700Series_ServiceManual_EN_10070389B00.pdf"
226,transition,tran-si-tion,transition,Processo de mudança de um estado para outro,"This is done to increase the transition speed.","https://www.moodlerje.com.br/pluginfile.php/931191/mod_page/content/3/8051.pdf"
227,trasmission,trans-mis-sion,transmissão,Transferência de dados físicos num fluxo de bits digital ou um sinal analógico digitalizado ao longo de um canal de comunicação,"Transmission is initiated by any instruction that uses SBUF as a destination register.","http://ww1.microchip.com/downloads/en/DeviceDoc/doc4316.pdf"
228,troubleshooting,trou-ble-shoot-ing,Resolução de impasses,"","The logs also contain other information that can be useful when troubleshooting the ventilator.","https://asiapac.medtronic.com/content/dam/covidien/library/us/en/product/acute-care-ventilation/700Series_ServiceManual_EN_10070389B00.pdf"
229,tube,tu-be,tubo,Canal cilíndrico reto ou curvo pelo qual passam fluidos líquidos ," Pressure solenoid PCB tube connectors","https://www.moodlerje.com.br/pluginfile.php/912717/mod_page/content/2/acs.est.8b04393.pdf"
230,ultrasound,ul-tra-sound,ultrasônico,Vibração da mesma natureza que o som mas de frequência elevada,"Advances in acquisition technology such as multislice Computed Tomography (CT), digital Photon Emission Tomography (PET), parallel Magnetic Resonance Imaging (MRI) or Ultrasound (US) [...]","https://www.moodlerje.com.br/pluginfile.php/919461/mod_page/content/1/1-s2.0-S1361841516300998-main.pdf"
231,ultraviolet,ul-tra-vi-o-let,ultravioleta,Radiação invisível que no espectro solar se situa além do violeta,"[...] including free available chlorine (FAC),19 monochloramine (NH2Cl),20,21 chlorine dioxide (ClO2),22 ozone (O3),23,24 ultraviolet (UV) light [...]","https://www.moodlerje.com.br/pluginfile.php/912717/mod_page/content/2/acs.est.8b04393.pdf"
232,unchanged,um-changed,inalterado,"","the P2 SFR remains unchanged","Atmel 8051 Microcontrollers Hardware Manual"
233,updated,up-dat-ed,atualizado,"","The trust center should send out an updated copy of the network key encrypted with the corresponding link key.","ZigBee Smart Energy Standard Document"
234,value,val-ue,valor,Indicação numérica que corresponde ao resultado de um número,"Adjusts the value of a setting or selects a menu option.","https://asiapac.medtronic.com/content/dam/covidien/library/us/en/product/acute-care-ventilation/700Series_ServiceManual_EN_10070389B00.pdf"
235,valve,valve,valvula,Dispositivos mecânicos que abrem e fecham para controlar o fluxo de fluidos em tubulações e recipientes,"It also provides a vent for the safety valve.","https://www.moodlerje.com.br/pluginfile.php/888689/mod_page/content/4/700Series_ServiceManual_EN_10070389B00.pdf"
236,variable,var-i-a-ble,variável,Medida ou quantidade que se altera em cada caso,"The byte variable indicated by the second operand is copied into the location specified by the first operand.","https://www.moodlerje.com.br/pluginfile.php/931191/mod_page/content/3/8051.pdf"
237,vector,vec-tor,vetor,Segmento de reta orientado com direção sentido e módulo,"Set to cause the CPU to vector to timer 2 interrupt routine when timer 2 interrupt is enabled","http://ww1.microchip.com/downloads/en/DeviceDoc/doc4316.pdf"
238,ventilator,ven-ti-la-tor,ventilador,Equipamento médico responsável por realizar a troca gasosa de todo o corpo,"This manual is intended to provide information needed to service the Puritan Bennett™ 700 Series Ventilator System.","https://asiapac.medtronic.com/content/dam/covidien/library/us/en/product/acute-care-ventilation/700Series_ServiceManual_EN_10070389B00.pdf"
239,voltage,vol-tage,voltagem,Potencial de uma corrente elétrica fundamental para o fazer com que um aparelho elétrico funcione,"If the CPU then reads the same port bit at the pin rather than the latch, it will read the base voltage of the transistor [...]","https://www.moodlerje.com.br/pluginfile.php/931191/mod_page/content/3/8051.pdf"
240,washers,washers,arruelas,Anel ou aro de ferro que se coloca no parafuso para que a porca não desgaste a peça,"Remove the internal battery compartment access plate by removing four screws with captive washers.","https://asiapac.medtronic.com/content/dam/covidien/library/us/en/product/acute-care-ventilation/700Series_ServiceManual_EN_10070389B00.pdf"
241,wavelength,wave-length,Comprimento de onda,Distância entre dois pontos de uma onda que se apresentam na mesma fase de dois pulsos sucessivos,"[...] were irradiated with near-UV wavelengths (290?400 nm) to enable photolysis of H2O2 [...]","https://www.moodlerje.com.br/pluginfile.php/912717/mod_page/content/2/acs.est.8b04393.pdf"
242,wireless,wire-less,sem fio,"","The capabilities of 5G wireless access extend far beyond previous generations of mobile communications.","5G wireless access: an overview"
243,x-ray,x-ray,raio-x,Radiação imperceptível à visão humana de natureza eletromagnética,"The X-ray images show the reconstructed femur immediately after surgery [...]","https://www.moodlerje.com.br/pluginfile.php/919461/mod_page/content/1/1-s2.0-S1361841516300998-main.pdf"
